market,bin_lower,bin_upper,count,pred_mean,obs_frequency
Home Win,0.0,0.1,12,0.0844,0.0
Home Win,0.1,0.2,53,0.1663,0.1132
Home Win,0.2,0.3,109,0.2448,0.2202
Home Win,0.3,0.4,148,0.3505,0.3716
Home Win,0.4,0.5,172,0.4503,0.4244
Home Win,0.5,0.6,105,0.5454,0.5143
Home Win,0.6,0.7,110,0.6481,0.6273
Home Win,0.7,0.8,38,0.7489,0.6053
Home Win,0.8,0.9,11,0.8488,1.0
Home Win,0.9,1.0,2,0.908,1.0
Draw,0.0,0.1,7,0.0834,0.0
Draw,0.1,0.2,166,0.1718,0.2349
Draw,0.2,0.3,587,0.2319,0.2692
Draw,0.3,0.4,0,0.35,
Draw,0.4,0.5,0,0.45,
Draw,0.5,0.6,0,0.55,
Draw,0.6,0.7,0,0.65,
Draw,0.7,0.8,0,0.75,
Draw,0.8,0.9,0,0.85,
Draw,0.9,1.0,0,0.95,
Away Win,0.0,0.1,32,0.07,0.0625
Away Win,0.1,0.2,139,0.1554,0.1367
Away Win,0.2,0.3,156,0.2546,0.2692
Away Win,0.3,0.4,175,0.3453,0.3086
Away Win,0.4,0.5,113,0.4449,0.4248
Away Win,0.5,0.6,95,0.5514,0.4842
Away Win,0.6,0.7,35,0.6481,0.6
Away Win,0.7,0.8,13,0.7577,1.0
Away Win,0.8,0.9,2,0.812,0.5
Away Win,0.9,1.0,0,0.95,
Over 2.5 Goals,0.0,0.1,0,0.05,
Over 2.5 Goals,0.1,0.2,0,0.15,
Over 2.5 Goals,0.2,0.3,0,0.25,
Over 2.5 Goals,0.3,0.4,2,0.3833,0.5
Over 2.5 Goals,0.4,0.5,72,0.4687,0.4306
Over 2.5 Goals,0.5,0.6,287,0.5591,0.547
Over 2.5 Goals,0.6,0.7,341,0.6442,0.5836
Over 2.5 Goals,0.7,0.8,57,0.7275,0.614
Over 2.5 Goals,0.8,0.9,1,0.8007,1.0
Over 2.5 Goals,0.9,1.0,0,0.95,
BTTS,0.0,0.1,0,0.05,
BTTS,0.1,0.2,0,0.15,
BTTS,0.2,0.3,0,0.25,
BTTS,0.3,0.4,3,0.3905,0.6667
BTTS,0.4,0.5,67,0.4684,0.4627
BTTS,0.5,0.6,375,0.5557,0.5707
BTTS,0.6,0.7,308,0.6375,0.5812
BTTS,0.7,0.8,7,0.7141,0.7143
BTTS,0.8,0.9,0,0.85,
BTTS,0.9,1.0,0,0.95,
