date,season,home_team,away_team,selection,model_prob,bet_odds,closing_odds,devigged_prob,edge,ev,clv,stake,won,pnl,bankroll_after
2024-08-16,2425,Man United,Fulham,A,0.2661293711986148,5.3,5.28,0.18,0.0861,0.4105,0.0038,23.87,False,-23.87,976.13
2024-08-17,2425,Arsenal,Wolves,D,0.15228345071594407,8.56,9.05,0.1011,0.0512,0.3035,-0.0541,9.8,False,-9.8,966.34
2024-08-17,2425,Everton,Brighton,D,0.3144233777561788,3.36,3.41,0.2845,0.03,0.0565,-0.0147,5.78,False,-5.78,960.56
2024-08-17,2425,Ipswich,Liverpool,D,0.18508893952735947,5.84,6.09,0.1545,0.0305,0.0809,-0.0411,4.01,False,-4.01,956.54
2024-08-17,2425,West Ham,Aston Villa,A,0.4122137726574193,2.8,2.86,0.3402,0.072,0.1542,-0.021,20.49,True,36.87,993.42
2024-08-18,2425,Chelsea,Man City,A,0.5831420991783386,1.84,1.97,0.4992,0.0839,0.073,-0.066,21.58,True,18.13,1011.54
2024-08-19,2425,Leicester,Tottenham,H,0.25141746414498534,5.09,4.64,0.2061,0.0453,0.2797,0.097,17.29,False,-17.29,994.25
2024-08-24,2425,Tottenham,Everton,A,0.17835270472172027,7.03,8.0,0.1162,0.0622,0.2538,-0.1212,10.46,False,-10.46,983.78
2024-08-24,2425,Southampton,Nott'm Forest,A,0.38923979038161055,2.92,3.11,0.3107,0.0786,0.1366,-0.0611,17.5,True,33.59,1017.37
2024-08-24,2425,Crystal Palace,West Ham,H,0.5259695004177675,2.17,1.97,0.497,0.029,0.1414,0.1015,30.52,False,-30.52,986.85
2024-08-25,2425,Bournemouth,Newcastle,A,0.46709259870144076,2.28,2.68,0.3641,0.103,0.065,-0.1493,12.52,False,-12.52,974.33
2024-08-25,2425,Liverpool,Brentford,A,0.14174669840717963,10.11,12.5,0.0723,0.0694,0.4331,-0.1912,11.58,False,-11.58,962.75
2024-08-25,2425,Wolves,Chelsea,H,0.27633769650894163,4.46,3.91,0.2471,0.0292,0.2325,0.1407,16.17,False,-16.17,946.58
2024-08-31,2425,Brentford,Southampton,H,0.6039334367783403,1.79,1.82,0.5381,0.0658,0.081,-0.0165,24.28,True,19.18,965.76
2024-08-31,2425,Everton,Bournemouth,D,0.30855233649302616,3.38,3.45,0.2813,0.0273,0.0429,-0.0203,4.35,False,-4.35,961.41
2024-08-31,2425,Arsenal,Brighton,D,0.19936631473943697,5.87,5.48,0.1733,0.026,0.1703,0.0712,8.4,True,40.93,1002.33
2024-08-31,2425,Ipswich,Fulham,A,0.49261927757354007,2.32,2.43,0.4014,0.0912,0.1429,-0.0453,27.12,False,-27.12,975.21
2024-09-01,2425,Chelsea,Crystal Palace,A,0.23843199165630224,5.06,5.05,0.1894,0.0491,0.2065,0.002,12.4,False,-12.4,962.81
2024-09-01,2425,Man United,Liverpool,D,0.25751574906024893,4.31,4.11,0.2346,0.0229,0.1099,0.0487,7.99,False,-7.99,954.82
2024-09-01,2425,Newcastle,Tottenham,H,0.4665534236706157,2.5,2.53,0.3855,0.0811,0.1664,-0.0119,26.48,True,39.72,994.54
2024-09-14,2425,Southampton,Man United,D,0.270942521631703,4.13,4.12,0.2334,0.0376,0.119,0.0024,9.45,False,-9.45,985.08
2024-09-14,2425,Man City,Brentford,D,0.15860227869076882,8.43,7.2,0.1282,0.0304,0.337,0.1708,11.17,False,-11.17,973.91
2024-09-14,2425,Liverpool,Nott'm Forest,D,0.1795316286842622,7.23,7.11,0.1299,0.0496,0.298,0.0169,11.65,False,-11.65,962.27
2024-09-14,2425,Fulham,West Ham,H,0.45818414373536287,2.4,2.36,0.4137,0.0445,0.0996,0.0169,17.12,False,-17.12,945.15
2024-09-15,2425,Tottenham,Arsenal,A,0.5256417846780428,2.32,2.63,0.3707,0.1549,0.2195,-0.1179,28.35,True,37.43,982.57
2024-09-15,2425,Wolves,Newcastle,A,0.5105374253291312,2.1,2.07,0.4724,0.0381,0.0721,0.0145,16.11,True,17.72,1000.29
2024-09-21,2425,Southampton,Ipswich,D,0.31076629190607175,3.5,3.48,0.2786,0.0322,0.0877,0.0057,8.77,True,21.93,1022.22
2024-09-21,2425,West Ham,Chelsea,H,0.3006685493170849,3.59,3.59,0.2691,0.0316,0.0794,0.0,7.83,False,-7.83,1014.38
2024-09-21,2425,Liverpool,Bournemouth,D,0.18544010478963602,6.36,6.85,0.1352,0.0502,0.1794,-0.0715,8.49,False,-8.49,1005.9
2024-09-21,2425,Tottenham,Brentford,A,0.24773185781968113,5.48,6.23,0.1512,0.0965,0.3576,-0.1204,20.07,False,-20.07,985.82
2024-09-21,2425,Leicester,Everton,D,0.29880884770557753,3.43,3.52,0.2741,0.0247,0.0249,-0.0256,2.53,True,6.14,991.96
2024-09-21,2425,Crystal Palace,Man United,H,0.38073576265577347,2.92,2.8,0.3477,0.033,0.1117,0.0429,14.43,False,-14.43,977.53
2024-09-22,2425,Brighton,Nott'm Forest,D,0.2761007372444339,3.91,3.82,0.2524,0.0237,0.0796,0.0236,6.68,True,19.44,996.97
2024-09-22,2425,Man City,Arsenal,A,0.27234511759404,4.54,4.91,0.1949,0.0775,0.2364,-0.0754,16.65,False,-16.65,980.32
2024-09-28,2425,Wolves,Liverpool,D,0.21772088853658259,5.63,5.95,0.158,0.0597,0.2258,-0.0538,11.95,False,-11.95,968.37
2024-09-28,2425,Everton,Crystal Palace,A,0.3926124324795908,2.69,2.7,0.3611,0.0315,0.0561,-0.0037,8.04,False,-8.04,960.33
2024-09-28,2425,Nott'm Forest,Fulham,A,0.351113642333203,3.03,3.0,0.3243,0.0268,0.0639,0.01,7.55,True,15.34,975.67
2024-09-28,2425,Brentford,West Ham,H,0.4838183013109929,2.23,2.26,0.432,0.0518,0.0789,-0.0133,15.65,False,-15.65,960.02
2024-09-28,2425,Chelsea,Brighton,D,0.2574341808338217,4.3,4.2,0.2284,0.029,0.107,0.0238,7.78,False,-7.78,952.24
2024-09-29,2425,Man United,Tottenham,D,0.26887508333782134,3.9,3.89,0.2463,0.0226,0.0486,0.0026,3.99,False,-3.99,948.25
2024-09-29,2425,Ipswich,Aston Villa,A,0.5513522800617219,1.85,2.1,0.4654,0.086,0.02,-0.119,5.58,False,-5.58,942.67
2024-09-30,2425,Bournemouth,Southampton,D,0.2491271960251246,4.37,4.69,0.2037,0.0455,0.0887,-0.0682,6.2,False,-6.2,936.47
2024-10-05,2425,Brentford,Wolves,H,0.5139887484523618,2.14,2.11,0.4634,0.0506,0.0999,0.0142,20.52,True,23.4,959.87
2024-10-05,2425,Crystal Palace,Liverpool,H,0.21112320517203378,6.38,5.14,0.1856,0.0255,0.347,0.2412,15.48,False,-15.48,944.39
2024-10-05,2425,Leicester,Bournemouth,H,0.3364242384450744,3.35,3.7,0.2615,0.0749,0.127,-0.0946,12.76,True,29.99,974.38
2024-10-05,2425,Man City,Fulham,D,0.18065775943158155,7.15,6.52,0.1433,0.0374,0.2917,0.0966,11.55,False,-11.55,962.83
2024-10-06,2425,Chelsea,Nott'm Forest,D,0.23213452891246297,4.81,4.7,0.2042,0.0279,0.1166,0.0234,7.36,True,28.06,990.88
2024-10-06,2425,Brighton,Tottenham,D,0.26533797755019095,3.99,3.95,0.2444,0.0209,0.0587,0.0101,4.86,False,-4.86,986.02
2024-10-19,2425,Bournemouth,Arsenal,A,0.6400009653468804,1.68,1.76,0.5561,0.0839,0.0752,-0.0455,27.26,False,-27.26,958.76
2024-10-19,2425,Ipswich,Everton,A,0.3715528473631161,3.07,3.06,0.3175,0.054,0.1407,0.0033,16.29,True,33.72,992.48
2024-10-19,2425,Man United,Brentford,A,0.2854188468726743,4.43,4.92,0.1946,0.0908,0.2644,-0.0996,19.13,False,-19.13,973.35
2024-10-19,2425,Southampton,Leicester,A,0.38890123964791135,3.09,3.41,0.2845,0.1044,0.2017,-0.0938,23.48,True,49.08,1022.43
2024-10-19,2425,Tottenham,West Ham,A,0.19398203395597968,5.88,6.25,0.1505,0.0435,0.1406,-0.0592,7.37,False,-7.37,1015.07
2024-10-21,2425,Nott'm Forest,Crystal Palace,A,0.3364238871937391,3.19,3.29,0.2952,0.0413,0.0732,-0.0304,8.48,False,-8.48,1006.59
2024-10-25,2425,Leicester,Nott'm Forest,H,0.33950327873506536,3.14,3.07,0.3171,0.0224,0.066,0.0228,7.77,False,-7.77,998.82
2024-10-26,2425,Brentford,Ipswich,H,0.6517403855045251,1.65,1.68,0.584,0.0677,0.0754,-0.0179,28.95,True,18.82,1017.64
2024-10-26,2425,Brighton,Wolves,D,0.24554041845025973,4.34,4.41,0.2169,0.0287,0.0656,-0.0159,5.0,True,16.7,1034.34
2024-10-26,2425,Everton,Fulham,D,0.3080391031622486,3.38,3.36,0.287,0.021,0.0412,0.006,4.47,True,10.65,1044.99
2024-10-27,2425,Chelsea,Newcastle,A,0.3003338540455265,4.28,4.29,0.2237,0.0766,0.2854,-0.0023,22.73,False,-22.73,1022.25
2024-10-27,2425,Crystal Palace,Tottenham,H,0.3103625104874305,4.05,3.78,0.2554,0.055,0.257,0.0714,21.53,True,65.67,1087.93
2024-10-27,2425,West Ham,Man United,H,0.3483081064336061,2.94,3.39,0.2857,0.0626,0.024,-0.1327,3.37,True,6.53,1094.46
2024-11-02,2425,Southampton,Everton,A,0.40587519713378367,2.69,2.8,0.3481,0.0578,0.0918,-0.0393,14.86,False,-14.86,1079.6
2024-11-02,2425,Wolves,Crystal Palace,A,0.39173076655895817,2.92,3.13,0.3101,0.0817,0.1439,-0.0671,20.22,False,-20.22,1059.37
2024-11-02,2425,Nott'm Forest,West Ham,A,0.30242183692625596,3.53,3.95,0.2438,0.0586,0.0675,-0.1063,7.07,False,-7.07,1052.3
2024-11-02,2425,Liverpool,Brighton,D,0.22211268254518204,5.54,5.79,0.1627,0.0594,0.2305,-0.0432,13.36,False,-13.36,1038.95
2024-11-02,2425,Ipswich,Leicester,A,0.38539814637529146,3.13,3.09,0.3138,0.0716,0.2063,0.0129,25.16,False,-25.16,1013.79
2024-11-04,2425,Fulham,Brentford,A,0.3066682809766177,3.61,3.73,0.2589,0.0477,0.1071,-0.0322,10.4,False,-10.4,1003.39
2024-11-09,2425,Wolves,Southampton,H,0.5447316306184835,1.99,1.95,0.502,0.0427,0.084,0.0205,21.29,True,21.08,1024.47
2024-11-09,2425,Liverpool,Aston Villa,A,0.1558323554539293,6.7,7.0,0.1351,0.0207,0.0441,-0.0429,1.98,False,-1.98,1022.49
2024-11-09,2425,Brentford,Bournemouth,H,0.4358803059400376,2.59,2.64,0.3695,0.0663,0.1289,-0.0189,20.73,True,32.96,1055.45
2024-11-09,2425,Crystal Palace,Fulham,H,0.40697906211501095,2.79,3.37,0.288,0.119,0.1355,-0.1721,19.97,False,-19.97,1035.48
2024-11-10,2425,Chelsea,Arsenal,A,0.44564259729296396,2.59,2.52,0.3869,0.0588,0.1542,0.0278,25.11,False,-25.11,1010.37
2024-11-10,2425,Man United,Leicester,A,0.17305948929569423,7.62,8.93,0.1036,0.0695,0.3187,-0.1467,12.16,False,-12.16,998.21
2024-11-10,2425,Nott'm Forest,Newcastle,A,0.39596266560487403,2.78,2.72,0.3586,0.0373,0.1008,0.0221,14.13,True,25.15,1023.36
2024-11-23,2425,Fulham,Wolves,A,0.208182273899929,5.43,5.91,0.16,0.0482,0.1304,-0.0812,7.53,True,33.37,1056.72
2024-11-23,2425,Everton,Brentford,A,0.3709444858550461,2.97,3.18,0.3056,0.0653,0.1017,-0.066,13.64,False,-13.64,1043.09
2024-11-23,2425,Leicester,Chelsea,H,0.1952132478315558,7.05,7.0,0.1342,0.061,0.3763,0.0071,16.22,False,-16.22,1026.87
2024-11-23,2425,Aston Villa,Crystal Palace,A,0.2491143108226749,5.59,5.01,0.1902,0.0589,0.3925,0.1158,21.96,False,-21.96,1004.91
2024-11-24,2425,Ipswich,Man United,D,0.27264050118191463,4.25,4.16,0.2312,0.0414,0.1587,0.0216,12.27,True,39.88,1044.79
2024-11-24,2425,Southampton,Liverpool,D,0.18222173256132523,5.79,5.95,0.1589,0.0233,0.0551,-0.0269,3.0,False,-3.0,1041.79
2024-11-25,2425,Newcastle,West Ham,A,0.1670890679272372,6.49,6.64,0.1422,0.0249,0.0844,-0.0226,4.0,True,21.98,1063.77
2024-11-29,2425,Brighton,Southampton,D,0.21038045615176137,5.33,5.68,0.1648,0.0456,0.1213,-0.0616,7.45,True,32.27,1096.04
2024-11-30,2425,West Ham,Arsenal,H,0.16040025932691768,7.07,7.34,0.1277,0.0327,0.134,-0.0368,6.05,False,-6.05,1089.99
2024-11-30,2425,Wolves,Bournemouth,H,0.38357506416176135,2.86,2.75,0.3545,0.0291,0.097,0.04,14.21,False,-14.21,1075.77
2024-12-01,2425,Chelsea,Aston Villa,A,0.2463174441652162,4.6,4.69,0.2041,0.0422,0.1331,-0.0192,9.94,False,-9.94,1065.83
2024-12-01,2425,Liverpool,Man City,A,0.32256463449502215,3.48,3.6,0.2685,0.054,0.1225,-0.0333,13.16,False,-13.16,1052.67
2024-12-01,2425,Man United,Everton,D,0.3137289324212738,4.36,4.07,0.2363,0.0774,0.3679,0.0713,28.81,False,-28.81,1023.85
2024-12-03,2425,Ipswich,Crystal Palace,A,0.4589494722147541,2.39,2.3,0.4247,0.0342,0.0969,0.0391,17.84,True,24.8,1048.65
2024-12-04,2425,Newcastle,Liverpool,H,0.2836447867979857,4.29,3.68,0.2625,0.0212,0.2168,0.1658,17.28,False,-17.28,1031.38
2024-12-04,2425,Arsenal,Man United,D,0.24044843293631527,4.87,4.89,0.1953,0.0452,0.171,-0.0041,11.39,False,-11.39,1019.98
2024-12-04,2425,Aston Villa,Brentford,A,0.25823785771715513,4.44,5.06,0.1889,0.0693,0.1466,-0.1225,10.87,False,-10.87,1009.12
2024-12-04,2425,Everton,Wolves,A,0.3157730189427885,3.62,3.8,0.2544,0.0614,0.1431,-0.0474,13.78,False,-13.78,995.34
2024-12-04,2425,Man City,Nott'm Forest,D,0.19195426554844472,5.41,5.88,0.1604,0.0316,0.0385,-0.0799,2.17,False,-2.17,993.17
2024-12-04,2425,Southampton,Chelsea,H,0.14360847557549894,8.92,9.07,0.102,0.0417,0.281,-0.0165,8.81,False,-8.81,984.36
2024-12-05,2425,Bournemouth,Tottenham,A,0.46250345109607466,2.47,3.06,0.3165,0.146,0.1424,-0.1928,23.84,False,-23.84,960.52
2024-12-07,2425,Aston Villa,Southampton,D,0.1969574062599883,5.48,5.79,0.1637,0.0332,0.0793,-0.0535,4.25,False,-4.25,956.27
2024-12-07,2425,Man United,Nott'm Forest,A,0.24218117684909754,5.18,5.33,0.1786,0.0636,0.2545,-0.0281,14.56,True,60.84,1017.11
2024-12-08,2425,Fulham,Arsenal,D,0.25799072791628075,4.22,4.2,0.229,0.029,0.0887,0.0048,7.01,True,22.56,1039.67
2024-12-08,2425,Ipswich,Bournemouth,D,0.27958910995445796,3.76,3.82,0.2525,0.0271,0.0513,-0.0157,4.83,False,-4.83,1034.85
2024-12-08,2425,Leicester,Brighton,H,0.24148856142995226,4.69,4.98,0.1918,0.0497,0.1326,-0.0582,9.3,False,-9.3,1025.55
2024-12-08,2425,Tottenham,Chelsea,H,0.44953538204245985,3.23,2.93,0.3314,0.1181,0.452,0.1024,30.77,False,-30.77,994.79
2024-12-09,2425,West Ham,Wolves,A,0.2850827676823254,3.76,4.37,0.22,0.0651,0.0719,-0.1396,6.48,False,-6.48,988.31
2024-12-14,2425,Nott'm Forest,Aston Villa,A,0.3732691734425458,2.76,2.81,0.3468,0.0265,0.0302,-0.0178,4.24,False,-4.24,984.06
2024-12-14,2425,Arsenal,Everton,D,0.20465100957211207,6.63,6.5,0.1449,0.0597,0.3568,0.02,15.59,True,87.79,1071.85
2024-12-14,2425,Liverpool,Fulham,D,0.21885026907583488,6.04,6.13,0.1509,0.068,0.3219,-0.0147,17.11,True,86.25,1158.1
2024-12-14,2425,Newcastle,Leicester,A,0.13207756545375857,8.95,9.49,0.0946,0.0375,0.1821,-0.0569,6.63,False,-6.63,1151.46
2024-12-15,2425,Man City,Man United,D,0.22643921464620392,4.65,4.9,0.1955,0.0309,0.0529,-0.051,4.18,False,-4.18,1147.29
2024-12-15,2425,Brighton,Crystal Palace,D,0.2930482838044815,3.89,3.73,0.2585,0.0345,0.14,0.0429,13.89,False,-13.89,1133.4
2024-12-15,2425,Chelsea,Brentford,A,0.1812626230462436,8.44,8.25,0.1108,0.0705,0.5299,0.023,20.18,False,-20.18,1113.22
2024-12-15,2425,Southampton,Tottenham,A,0.6322130437425292,1.69,1.79,0.5475,0.0847,0.0684,-0.0559,27.6,True,19.05,1132.27
2024-12-16,2425,Bournemouth,West Ham,A,0.25249354355419434,4.49,4.42,0.2171,0.0354,0.1337,0.0158,10.84,False,-10.84,1121.42
2024-12-21,2425,Aston Villa,Man City,A,0.5018671644015608,2.14,2.24,0.4363,0.0656,0.074,-0.0446,18.2,False,-18.2,1103.22
2024-12-21,2425,Brentford,Nott'm Forest,H,0.45698739937605415,2.39,2.53,0.3855,0.0715,0.0922,-0.0553,18.29,False,-18.29,1084.93
2024-12-21,2425,Crystal Palace,Arsenal,H,0.1951350800876649,6.75,7.6,0.1234,0.0717,0.3172,-0.1118,14.96,False,-14.96,1069.97
2024-12-22,2425,Everton,Chelsea,H,0.22011351534140394,5.48,5.01,0.1893,0.0308,0.2062,0.0938,12.31,False,-12.31,1057.66
2024-12-22,2425,Man United,Bournemouth,D,0.2843210692842903,3.87,3.8,0.2536,0.0307,0.1003,0.0184,9.24,False,-9.24,1048.41
2024-12-22,2425,Tottenham,Liverpool,H,0.3158728607899134,4.47,4.9,0.1951,0.1207,0.412,-0.0878,31.12,False,-31.12,1017.3
2024-12-26,2425,Wolves,Man United,H,0.2899855557383066,3.95,4.44,0.2161,0.0739,0.1454,-0.1104,12.54,True,36.99,1054.29
2024-12-26,2425,Southampton,West Ham,A,0.4951640759763487,2.21,2.31,0.4226,0.0725,0.0943,-0.0433,20.54,True,24.86,1079.15
2024-12-26,2425,Nott'm Forest,Tottenham,A,0.41967183064063135,2.87,3.22,0.3012,0.1184,0.2045,-0.1087,29.5,False,-29.5,1049.65
2024-12-26,2425,Chelsea,Fulham,A,0.20854451470144286,6.32,6.86,0.1364,0.0722,0.318,-0.0787,15.69,True,83.45,1133.1
2024-12-26,2425,Liverpool,Leicester,D,0.11222999425131475,13.84,12.25,0.0716,0.0406,0.5533,0.1298,12.21,False,-12.21,1120.89
2024-12-26,2425,Bournemouth,Crystal Palace,D,0.29454296975692035,3.85,3.66,0.2642,0.0303,0.134,0.0519,13.17,True,37.55,1158.44
2024-12-26,2425,Man City,Everton,D,0.2373340444514684,5.73,5.5,0.1735,0.0638,0.3599,0.0418,22.04,True,104.24,1262.67
2024-12-27,2425,Brighton,Brentford,A,0.29194628157911223,4.96,5.05,0.1894,0.1025,0.4481,-0.0178,35.72,False,-35.72,1226.96
2024-12-29,2425,Tottenham,Wolves,H,0.6505376221542577,1.63,1.68,0.5841,0.0664,0.0604,-0.0298,29.4,False,-29.4,1197.56
2024-12-29,2425,Leicester,Man City,D,0.17428229159737596,5.9,6.42,0.144,0.0303,0.0283,-0.081,1.73,False,-1.73,1195.83
2024-12-29,2425,West Ham,Liverpool,H,0.16078359420695007,7.32,7.75,0.1206,0.0402,0.1769,-0.0555,8.37,False,-8.37,1187.46
2024-12-29,2425,Everton,Nott'm Forest,D,0.3476630088452859,3.18,3.07,0.3165,0.0312,0.1056,0.0358,14.38,False,-14.38,1173.09
2024-12-30,2425,Ipswich,Chelsea,D,0.20535566417386797,5.2,5.28,0.1787,0.0267,0.0678,-0.0152,4.74,False,-4.74,1168.35
2024-12-30,2425,Aston Villa,Brighton,D,0.27256844940465225,3.91,3.89,0.2477,0.0249,0.0657,0.0051,6.6,True,19.2,1187.55
2025-01-04,2425,Aston Villa,Leicester,A,0.14738523431718298,9.41,8.32,0.1085,0.0389,0.3869,0.131,13.66,False,-13.66,1173.89
2025-01-04,2425,Bournemouth,Everton,D,0.3171669319062574,3.91,3.97,0.2421,0.075,0.2401,-0.0151,24.22,False,-24.22,1149.68
2025-01-04,2425,Brighton,Arsenal,A,0.5651976623303172,1.82,1.8,0.5439,0.0213,0.0287,0.0111,10.05,False,-10.05,1139.63
2025-01-04,2425,Crystal Palace,Chelsea,H,0.3037067613700827,3.69,3.64,0.2657,0.038,0.1207,0.0137,12.78,False,-12.78,1126.85
2025-01-04,2425,Man City,West Ham,D,0.1766410988307974,6.41,7.24,0.1312,0.0455,0.1323,-0.1146,6.89,False,-6.89,1119.96
2025-01-04,2425,Southampton,Brentford,A,0.5445463849540061,2.41,2.16,0.4529,0.0916,0.3124,0.1157,33.6,True,47.37,1167.34
2025-01-04,2425,Tottenham,Newcastle,H,0.3701883469320319,2.97,3.9,0.2476,0.1226,0.0995,-0.2385,14.73,False,-14.73,1152.6
2025-01-05,2425,Liverpool,Man United,D,0.2180840212268781,6.14,5.55,0.1706,0.0474,0.339,0.1063,19.01,True,97.69,1250.3
2025-01-05,2425,Fulham,Ipswich,D,0.2574014784882719,4.46,4.2,0.229,0.0284,0.148,0.0619,13.37,True,46.26,1296.56
2025-01-06,2425,Wolves,Nott'm Forest,H,0.32613007712616576,3.44,4.01,0.2403,0.0859,0.1219,-0.1421,16.19,False,-16.19,1280.37
2025-01-14,2425,Brentford,Man City,D,0.24344258601031923,4.56,4.51,0.2108,0.0326,0.1101,0.0111,9.9,True,35.24,1315.61
2025-01-14,2425,Chelsea,Bournemouth,A,0.2413417395265775,6.17,5.71,0.1656,0.0758,0.4891,0.0806,31.11,False,-31.11,1284.5
2025-01-14,2425,Nott'm Forest,Liverpool,D,0.2641349629548348,4.24,4.3,0.2248,0.0393,0.1199,-0.014,11.89,True,38.51,1323.01
2025-01-15,2425,Arsenal,Tottenham,D,0.22507963946926138,5.54,5.35,0.177,0.0481,0.2469,0.0355,17.99,False,-17.99,1305.02
2025-01-15,2425,Newcastle,Wolves,D,0.2089608980886529,5.73,5.4,0.1755,0.0335,0.1973,0.0611,13.61,False,-13.61,1291.41
2025-01-16,2425,Man United,Southampton,D,0.22830483095333284,5.97,6.1,0.1552,0.0731,0.363,-0.0213,23.58,False,-23.58,1267.83
2025-01-16,2425,Ipswich,Brighton,D,0.28756031653512737,3.78,3.75,0.2578,0.0297,0.087,0.008,9.92,False,-9.92,1257.91
2025-01-18,2425,Brentford,Liverpool,H,0.19594480598116115,6.49,6.33,0.1496,0.0463,0.2717,0.0253,15.56,False,-15.56,1242.35
2025-01-18,2425,Newcastle,Bournemouth,D,0.2631815800228626,4.33,4.25,0.2261,0.0371,0.1396,0.0188,13.02,False,-13.02,1229.33
2025-01-18,2425,West Ham,Crystal Palace,A,0.39377892395668,2.7,2.66,0.3668,0.027,0.0632,0.015,11.43,True,19.42,1248.76
2025-01-19,2425,Everton,Tottenham,A,0.46487773009381345,2.46,2.85,0.342,0.1229,0.1436,-0.1368,30.71,False,-30.71,1218.05
2025-01-19,2425,Ipswich,Man City,D,0.20363774201521498,5.51,5.5,0.1732,0.0305,0.122,0.0018,8.24,False,-8.24,1209.81
2025-01-19,2425,Nott'm Forest,Southampton,D,0.23323878530766645,4.92,5.15,0.1845,0.0487,0.1475,-0.0447,11.38,False,-11.38,1198.43
2025-01-20,2425,Chelsea,Wolves,D,0.21475604074655866,5.69,5.25,0.181,0.0338,0.222,0.0838,14.18,False,-14.18,1184.25
2025-01-25,2425,Man City,Chelsea,H,0.5301833231727341,2.03,2.39,0.4091,0.1211,0.0763,-0.1506,21.92,True,22.58,1206.83
2025-01-25,2425,Bournemouth,Nott'm Forest,D,0.2989464500177789,3.7,3.73,0.2588,0.0401,0.1061,-0.008,11.86,False,-11.86,1194.97
2025-01-25,2425,Brighton,Everton,D,0.3186464069345889,3.83,3.69,0.2615,0.0572,0.2204,0.0379,23.27,False,-23.27,1171.71
2025-01-25,2425,Liverpool,Ipswich,D,0.12126758706109123,11.75,12.25,0.0729,0.0483,0.4249,-0.0408,11.58,False,-11.58,1160.13
2025-01-26,2425,Fulham,Man United,D,0.2980920592556988,3.48,3.55,0.2727,0.0254,0.0374,-0.0197,4.37,False,-4.37,1155.76
2025-01-26,2425,Aston Villa,West Ham,A,0.2141942788649953,5.99,6.9,0.1366,0.0776,0.283,-0.1319,16.39,False,-16.39,1139.37
2025-01-26,2425,Crystal Palace,Brentford,A,0.3108097081655339,3.59,3.84,0.2507,0.0601,0.1158,-0.0651,12.74,True,32.99,1172.36
2025-01-26,2425,Tottenham,Leicester,H,0.7005840473524527,1.46,1.51,0.6494,0.0512,0.0229,-0.0331,14.56,False,-14.56,1157.8
2025-02-01,2425,Newcastle,Fulham,A,0.2323449246850501,4.74,4.91,0.1946,0.0378,0.1013,-0.0346,7.84,True,29.33,1187.12
2025-02-01,2425,Everton,Leicester,D,0.32160560357268536,3.7,3.34,0.2896,0.032,0.1899,0.1078,20.88,False,-20.88,1166.24
2025-02-01,2425,Bournemouth,Liverpool,H,0.2363264079132987,4.68,4.66,0.2053,0.031,0.106,0.0043,8.4,False,-8.4,1157.84
2025-02-01,2425,Ipswich,Southampton,D,0.3004864681864143,3.71,3.75,0.2574,0.0431,0.1148,-0.0107,12.26,False,-12.26,1145.58
2025-02-02,2425,Arsenal,Man City,A,0.2849401483810725,3.85,3.77,0.2563,0.0287,0.097,0.0212,9.75,False,-9.75,1135.83
2025-02-02,2425,Brentford,Tottenham,A,0.3786611617653695,3.11,3.51,0.2753,0.1033,0.1776,-0.114,23.91,True,50.44,1186.27
2025-02-02,2425,Man United,Crystal Palace,A,0.30991216131739246,3.83,4.97,0.1919,0.118,0.187,-0.2294,19.59,True,55.45,1241.72
2025-02-03,2425,Chelsea,West Ham,D,0.2124729062319567,5.92,6.55,0.143,0.0695,0.2578,-0.0962,16.27,False,-16.27,1225.45
2025-02-12,2425,Everton,Liverpool,D,0.268343801655108,4.73,4.65,0.2056,0.0628,0.2693,0.0172,22.12,True,82.49,1307.95
2025-02-14,2425,Brighton,Chelsea,A,0.43515286770341655,2.43,2.36,0.4141,0.0211,0.0574,0.0297,13.13,False,-13.13,1294.82
2025-02-15,2425,West Ham,Brentford,A,0.421185283176745,2.83,2.93,0.3321,0.0891,0.192,-0.0341,33.95,True,62.14,1356.95
2025-02-15,2425,Southampton,Bournemouth,D,0.22413062772408937,4.65,4.79,0.2,0.0242,0.0422,-0.0292,3.92,False,-3.92,1353.03
2025-02-15,2425,Man City,Newcastle,H,0.5216719937184465,1.99,2.09,0.4682,0.0535,0.0381,-0.0478,13.03,True,12.9,1365.93
2025-02-15,2425,Leicester,Arsenal,A,0.7751316269182994,1.34,1.33,0.7382,0.0369,0.0387,0.0075,38.84,True,13.21,1379.13
2025-02-15,2425,Crystal Palace,Everton,A,0.2435225164784069,5.17,4.53,0.2121,0.0314,0.259,0.1413,21.42,True,89.3,1468.44
2025-02-15,2425,Aston Villa,Ipswich,D,0.22485327157617674,5.02,4.99,0.1915,0.0334,0.1288,0.006,11.76,True,47.27,1515.71
2025-02-15,2425,Fulham,Nott'm Forest,A,0.323564340477581,3.47,3.63,0.2663,0.0572,0.1228,-0.0441,18.83,False,-18.83,1496.87
2025-02-16,2425,Liverpool,Wolves,D,0.16140572423179228,8.22,7.1,0.1316,0.0298,0.3268,0.1577,16.94,False,-16.94,1479.94
2025-02-16,2425,Tottenham,Man United,H,0.4766668364632445,2.46,2.21,0.4423,0.0344,0.1726,0.1131,43.74,True,63.86,1543.8
2025-02-21,2425,Leicester,Brentford,A,0.5425656643052311,1.97,1.99,0.4917,0.0508,0.0689,-0.0101,27.4,True,26.57,1570.37
2025-02-22,2425,Fulham,Crystal Palace,A,0.29187593353031543,3.84,3.77,0.2565,0.0354,0.1208,0.0186,16.7,True,47.43,1617.8
2025-02-22,2425,Ipswich,Tottenham,A,0.6262465633445805,1.89,2.1,0.4658,0.1604,0.1836,-0.1,48.53,True,43.2,1660.99
2025-02-22,2425,Southampton,Brighton,D,0.24425272718590635,4.53,4.51,0.2126,0.0317,0.1065,0.0044,12.52,False,-12.52,1648.47
2025-02-22,2425,Everton,Man United,D,0.3358551537040645,3.23,3.15,0.3081,0.0278,0.0848,0.0254,15.67,True,34.95,1683.42
2025-02-22,2425,Bournemouth,Wolves,A,0.20650332529693946,5.58,5.27,0.181,0.0255,0.1523,0.0588,13.99,True,64.09,1747.51
2025-02-23,2425,Man City,Liverpool,H,0.3996365877562185,2.95,3.24,0.3023,0.0974,0.1789,-0.0895,40.09,False,-40.09,1707.43
2025-02-25,2425,Brighton,Bournemouth,A,0.3652998687638727,3.53,3.63,0.2666,0.0987,0.2895,-0.0275,48.85,False,-48.85,1658.58
2025-02-25,2425,Chelsea,Southampton,D,0.15637566510735693,8.97,8.25,0.1124,0.044,0.4027,0.0873,20.95,False,-20.95,1637.63
2025-02-25,2425,Wolves,Fulham,A,0.41346515742710466,2.74,3.2,0.3034,0.11,0.1329,-0.1437,31.27,True,54.41,1692.04
2025-02-26,2425,Nott'm Forest,Arsenal,A,0.5573234032372637,1.99,1.96,0.4994,0.0579,0.1091,0.0153,46.61,False,-46.61,1645.43
2025-02-26,2425,Man United,Ipswich,D,0.2551465254603969,4.69,4.52,0.2123,0.0429,0.1966,0.0376,21.92,False,-21.92,1623.51
2025-02-26,2425,Brentford,Everton,D,0.3031625186715674,3.75,3.68,0.2631,0.0401,0.1369,0.019,20.2,True,55.55,1679.06
2025-02-26,2425,Liverpool,Newcastle,D,0.22834031221559303,4.86,5.65,0.1676,0.0607,0.1097,-0.1398,11.93,False,-11.93,1667.13
2025-02-27,2425,West Ham,Leicester,A,0.21844382336788548,5.34,4.83,0.1982,0.0203,0.1665,0.1056,15.99,False,-15.99,1651.14
2025-03-08,2425,Brighton,Fulham,A,0.3117085679831314,3.86,4.0,0.2409,0.0708,0.2032,-0.035,29.33,False,-29.33,1621.81
2025-03-09,2425,Chelsea,Leicester,D,0.16829676181997513,8.05,6.85,0.1375,0.0307,0.3548,0.1752,20.4,False,-20.4,1601.41
2025-03-09,2425,Tottenham,Bournemouth,H,0.4445885322339319,2.73,2.86,0.3405,0.1041,0.2137,-0.0455,48.04,False,-48.04,1553.36
2025-03-10,2425,West Ham,Newcastle,A,0.48344897488651645,2.2,2.22,0.4407,0.0428,0.0636,-0.009,20.58,True,24.69,1578.06
2025-03-15,2425,Bournemouth,Brentford,A,0.2984590683548709,4.29,4.32,0.2224,0.076,0.2804,-0.0069,33.62,True,110.62,1688.68
2025-03-15,2425,Everton,West Ham,A,0.2701567150347291,3.9,3.92,0.2461,0.0241,0.0536,-0.0051,7.8,False,-7.8,1680.87
2025-03-15,2425,Ipswich,Nott'm Forest,A,0.5695265860681837,1.99,2.0,0.4889,0.0807,0.1334,-0.005,50.43,True,49.92,1730.79
2025-03-15,2425,Southampton,Wolves,A,0.5394146291106785,2.08,2.07,0.4733,0.0661,0.122,0.0048,48.87,True,52.78,1783.57
2025-03-16,2425,Fulham,Tottenham,A,0.38726080484830633,3.53,4.08,0.236,0.1513,0.367,-0.1348,53.51,False,-53.51,1730.07
2025-04-01,2425,Arsenal,Fulham,A,0.14799300739580992,7.79,7.6,0.1242,0.0238,0.1529,0.025,9.74,False,-9.74,1720.33
2025-04-02,2425,Bournemouth,Ipswich,D,0.20121321211017,5.33,5.4,0.1756,0.0256,0.0725,-0.013,7.2,False,-7.2,1713.13
2025-04-02,2425,Newcastle,Brentford,A,0.2760797160952139,4.31,4.69,0.2028,0.0733,0.1899,-0.081,24.57,False,-24.57,1688.56
2025-04-03,2425,Chelsea,Tottenham,A,0.3098740425721138,4.59,4.83,0.198,0.1118,0.4223,-0.0497,49.66,False,-49.66,1638.9
2025-04-05,2425,Ipswich,Wolves,A,0.47328614846082834,2.71,2.7,0.3612,0.1121,0.2826,0.0037,49.17,True,84.08,1722.98
2025-04-05,2425,West Ham,Bournemouth,A,0.4364292609394925,2.38,2.4,0.4071,0.0294,0.0387,-0.0083,12.08,False,-12.08,1710.9
2025-04-05,2425,Aston Villa,Nott'm Forest,A,0.3504336334336606,3.8,3.66,0.2643,0.0861,0.3316,0.0383,50.66,False,-50.66,1660.23
2025-04-06,2425,Man United,Man City,A,0.5200531229561323,2.15,2.11,0.4637,0.0563,0.1181,0.019,42.63,False,-42.63,1617.6
2025-04-06,2425,Tottenham,Southampton,H,0.7738288272092848,1.39,1.37,0.7153,0.0586,0.0756,0.0146,48.53,True,18.93,1636.53
2025-04-12,2425,Man City,Crystal Palace,D,0.25072887392685445,4.81,4.35,0.2212,0.0295,0.206,0.1057,22.12,False,-22.12,1614.41
2025-04-12,2425,Arsenal,Brentford,H,0.6266246583127492,1.63,1.62,0.6053,0.0213,0.0214,0.0062,13.71,False,-13.71,1600.7
2025-04-12,2425,Brighton,Leicester,A,0.12458432128108067,10.93,10.93,0.0822,0.0424,0.3617,0.0,14.58,False,-14.58,1586.12
2025-04-13,2425,Chelsea,Ipswich,D,0.17870501235158534,6.84,7.43,0.125,0.0537,0.2223,-0.0794,15.1,True,88.17,1674.29
2025-04-13,2425,Liverpool,West Ham,D,0.17819466925338476,6.09,6.12,0.1524,0.0258,0.0852,-0.0049,7.01,False,-7.01,1667.28
2025-04-13,2425,Newcastle,Man United,A,0.2529198636977638,4.97,5.45,0.1745,0.0784,0.257,-0.0881,26.98,False,-26.98,1640.3
2025-04-13,2425,Wolves,Tottenham,A,0.4557389328871523,3.23,3.16,0.3071,0.1486,0.472,0.0222,49.21,False,-49.21,1591.09
2025-04-14,2425,Bournemouth,Fulham,A,0.3283405244161818,3.39,3.43,0.2826,0.0457,0.1131,-0.0117,18.82,False,-18.82,1572.27
2025-04-16,2425,Newcastle,Crystal Palace,A,0.26991311537602425,4.84,5.24,0.18,0.0899,0.3064,-0.0763,31.36,False,-31.36,1540.91
2025-04-19,2425,Aston Villa,Newcastle,A,0.40787595868473453,2.92,2.71,0.3571,0.0508,0.191,0.0775,38.32,False,-38.32,1502.59
2025-04-19,2425,Brentford,Brighton,H,0.4299505809535856,2.56,2.7,0.3608,0.0692,0.1007,-0.0519,24.24,True,37.82,1540.4
2025-04-20,2425,Fulham,Chelsea,H,0.35193884560668126,2.9,3.15,0.3085,0.0434,0.0206,-0.0794,4.18,False,-4.18,1536.22
2025-04-20,2425,Ipswich,Arsenal,A,0.752490674790656,1.41,1.37,0.7156,0.0369,0.061,0.0292,46.09,True,18.9,1555.12
2025-04-21,2425,Tottenham,Nott'm Forest,H,0.44075558329534575,2.52,2.4,0.4078,0.0329,0.1107,0.05,28.32,False,-28.32,1526.8
2025-04-22,2425,Man City,Aston Villa,H,0.5867782101035056,1.87,1.91,0.5151,0.0717,0.0973,-0.0209,42.68,True,37.13,1563.93
2025-04-23,2425,Arsenal,Crystal Palace,A,0.13477663847621335,8.22,9.1,0.1016,0.0332,0.1079,-0.0967,5.84,False,-5.84,1558.09
2025-04-26,2425,Wolves,Leicester,D,0.2391627875113423,4.45,4.46,0.2135,0.0257,0.0643,-0.0022,7.26,False,-7.26,1550.84
2025-04-26,2425,Brighton,West Ham,A,0.2606252272690071,4.75,4.46,0.2142,0.0464,0.238,0.065,24.6,False,-24.6,1526.23
2025-04-26,2425,Chelsea,Everton,A,0.21790732825105139,6.05,7.5,0.125,0.0929,0.3183,-0.1933,24.05,False,-24.05,1502.18
2025-04-26,2425,Newcastle,Ipswich,A,0.08686215691803745,14.29,17.5,0.0495,0.0374,0.2413,-0.1834,6.82,False,-6.82,1495.36
2025-04-27,2425,Bournemouth,Man United,A,0.2815516766559081,4.86,3.72,0.2599,0.0217,0.3683,0.3065,35.67,False,-35.67,1459.69
2025-04-27,2425,Liverpool,Tottenham,A,0.16925365637488748,9.07,13.75,0.0643,0.1049,0.5351,-0.3404,24.2,False,-24.2,1435.49
2025-05-01,2425,Nott'm Forest,Brentford,A,0.32805419492470184,3.34,3.22,0.3063,0.0218,0.0957,0.0373,14.68,True,34.34,1469.84
2025-05-02,2425,Man City,Wolves,D,0.1959245426309005,5.27,5.6,0.1689,0.0271,0.0325,-0.0589,2.8,False,-2.8,1467.04
2025-05-03,2425,Arsenal,Bournemouth,H,0.6090289322292545,2.07,1.68,0.5823,0.0267,0.2607,0.2321,44.01,False,-44.01,1423.03
2025-05-03,2425,Aston Villa,Fulham,A,0.28471867753578006,4.27,4.28,0.2244,0.0603,0.2157,-0.0023,23.47,False,-23.47,1399.55
2025-05-03,2425,Everton,Ipswich,D,0.2761814314035851,4.53,4.3,0.2222,0.054,0.2511,0.0535,24.89,True,87.86,1487.41
2025-05-03,2425,Leicester,Southampton,D,0.29369110019469963,3.7,3.61,0.2679,0.0258,0.0867,0.0249,11.93,False,-11.93,1475.48
2025-05-04,2425,Chelsea,Liverpool,A,0.46586419787571964,3.21,2.95,0.3301,0.1358,0.4954,0.0881,44.26,False,-44.26,1431.21
2025-05-04,2425,West Ham,Tottenham,A,0.44603240101840774,3.5,4.22,0.2276,0.2185,0.5611,-0.1706,42.94,False,-42.94,1388.28
2025-05-04,2425,Brentford,Man United,A,0.2840965190443592,4.7,4.96,0.1903,0.0938,0.3353,-0.0524,31.45,False,-31.45,1356.83
2025-05-04,2425,Brighton,Newcastle,A,0.45326921699242173,2.33,2.26,0.4322,0.021,0.0561,0.031,14.31,False,-14.31,1342.52
2025-05-05,2425,Crystal Palace,Nott'm Forest,A,0.34208968871168266,3.23,3.5,0.2768,0.0653,0.1049,-0.0771,15.8,False,-15.8,1326.72
2025-05-10,2425,Wolves,Brighton,H,0.377499470352765,2.76,3.08,0.3155,0.062,0.0419,-0.1039,7.9,False,-7.9,1318.82
2025-05-10,2425,Fulham,Everton,A,0.2557592545594715,4.45,4.94,0.1923,0.0635,0.1381,-0.0992,13.2,True,45.54,1364.37
2025-05-11,2425,Liverpool,Arsenal,A,0.33297375689338976,3.71,3.22,0.3012,0.0318,0.2353,0.1522,29.62,False,-29.62,1334.75
2025-05-11,2425,Nott'm Forest,Leicester,D,0.21893666405385084,5.56,5.19,0.1812,0.0377,0.2173,0.0713,15.9,True,72.51,1407.25
2025-05-11,2425,Tottenham,Crystal Palace,H,0.44332369050756293,2.69,3.13,0.3099,0.1334,0.1925,-0.1406,40.08,False,-40.08,1367.17
2025-05-16,2425,Chelsea,Man United,A,0.2196503873548925,6.68,5.75,0.1658,0.0538,0.4673,0.1617,28.12,False,-28.12,1339.05
2025-05-16,2425,Aston Villa,Tottenham,A,0.2738429961504652,8.61,11.0,0.0835,0.1903,1.3578,-0.2173,40.17,False,-40.17,1298.88
2025-05-18,2425,Everton,Southampton,D,0.25734728672777835,4.9,4.95,0.1922,0.0652,0.261,-0.0101,21.73,False,-21.73,1277.15
2025-05-18,2425,Leicester,Ipswich,D,0.2890776321735078,3.65,3.77,0.2567,0.0324,0.0551,-0.0318,6.64,False,-6.64,1270.51
2025-05-19,2425,Brighton,Liverpool,A,0.561147612118825,2.49,3.09,0.3142,0.247,0.3973,-0.1942,38.12,False,-38.12,1232.39
2025-05-20,2425,Man City,Bournemouth,D,0.24445395628995853,4.52,5.8,0.1633,0.0811,0.1049,-0.2207,9.18,False,-9.18,1223.21
2025-05-20,2425,Crystal Palace,Wolves,H,0.4544553822416494,2.29,2.41,0.404,0.0505,0.0407,-0.0498,9.65,True,12.45,1235.65
2025-05-25,2425,Nott'm Forest,Chelsea,D,0.2761010791789484,3.76,3.87,0.2499,0.0262,0.0381,-0.0284,4.27,False,-4.27,1231.39
2025-05-25,2425,Tottenham,Brighton,H,0.4015406007516626,4.33,3.83,0.2523,0.1493,0.7387,0.1305,36.94,False,-36.94,1194.44
2025-05-25,2425,Newcastle,Everton,A,0.19985487309346261,8.55,10.36,0.0859,0.1139,0.7088,-0.1747,28.03,True,211.64,1406.09
2025-05-25,2425,Liverpool,Crystal Palace,D,0.2222384552924387,5.68,6.04,0.1568,0.0655,0.2623,-0.0596,19.7,True,92.21,1498.3
2025-05-25,2425,Bournemouth,Leicester,D,0.22212612587767602,5.82,5.67,0.1665,0.0556,0.2928,0.0265,22.75,False,-22.75,1475.54
2025-05-25,2425,Man United,Aston Villa,H,0.304802024946032,4.4,4.82,0.198,0.1068,0.3411,-0.0871,37.01,True,125.84,1601.38
2025-05-25,2425,Ipswich,West Ham,A,0.4776656835928897,2.24,2.23,0.4381,0.0396,0.07,0.0045,22.59,True,28.01,1629.39
2025-05-25,2425,Fulham,Man City,H,0.2205452218619501,5.54,6.32,0.1482,0.0723,0.2218,-0.1234,19.9,False,-19.9,1609.49
2025-08-15,2526,Liverpool,Bournemouth,A,0.1913393944153832,9.07,9.75,0.0943,0.0971,0.7354,-0.0697,36.67,False,-36.67,1572.82
2025-08-16,2526,Aston Villa,Newcastle,A,0.3850362733848915,3.13,3.07,0.3151,0.0699,0.2052,0.0195,37.87,False,-37.87,1534.95
2025-08-16,2526,Brighton,Fulham,A,0.2969220582590821,3.98,4.27,0.2255,0.0714,0.1817,-0.0679,23.4,False,-23.4,1511.54
2025-08-16,2526,Sunderland,West Ham,A,0.5086829959396628,2.29,2.29,0.427,0.0816,0.1649,0.0,45.35,False,-45.35,1466.2
2025-08-16,2526,Wolves,Man City,D,0.22589663378199415,4.92,4.7,0.2033,0.0226,0.1114,0.0468,10.42,False,-10.42,1455.78
2025-08-17,2526,Chelsea,Crystal Palace,A,0.2578424484642047,5.25,4.67,0.2053,0.0526,0.3537,0.1242,30.29,False,-30.29,1425.49
2025-08-17,2526,Man United,Arsenal,A,0.5336019205929162,2.01,2.0,0.4889,0.0447,0.0725,0.005,25.6,True,25.85,1451.34
2025-08-17,2526,Nott'm Forest,Brentford,A,0.34943711627580376,3.4,3.66,0.2642,0.0853,0.1881,-0.071,28.44,False,-28.44,1422.91
2025-08-18,2526,Leeds,Everton,A,0.505372336678405,3.06,3.32,0.2922,0.2132,0.5464,-0.0783,42.69,False,-42.69,1380.22
2025-08-22,2526,West Ham,Chelsea,H,0.23423548861957158,4.94,5.17,0.1845,0.0498,0.1571,-0.0445,13.76,False,-13.76,1366.46
2025-08-23,2526,Man City,Tottenham,H,0.6882758079916991,1.49,1.51,0.65,0.0383,0.0255,-0.0132,17.8,False,-17.8,1348.66
2025-08-23,2526,Burnley,Sunderland,A,0.3570100281779019,3.63,3.47,0.2795,0.0775,0.2959,0.0461,37.94,False,-37.94,1310.72
2025-08-23,2526,Arsenal,Leeds,H,0.8020720102075862,1.28,1.34,0.7335,0.0686,0.0267,-0.0448,31.19,True,8.73,1319.46
2025-08-23,2526,Bournemouth,Wolves,A,0.2398135813194051,4.4,4.59,0.2094,0.0304,0.0552,-0.0414,5.35,False,-5.35,1314.1
2025-08-23,2526,Brentford,Aston Villa,H,0.37394977739232627,3.26,3.29,0.2949,0.0791,0.2191,-0.0091,31.85,True,71.97,1386.07
2025-08-24,2526,Everton,Brighton,H,0.33710219560829374,3.16,3.14,0.3094,0.0277,0.0652,0.0064,10.47,True,22.61,1408.68
2025-08-24,2526,Fulham,Man United,H,0.40515653474412905,3.3,3.53,0.2742,0.131,0.337,-0.0652,42.26,False,-42.26,1366.42
2025-08-30,2526,Tottenham,Bournemouth,A,0.33531112073034364,4.39,3.97,0.2429,0.0924,0.472,0.1058,40.99,True,138.97,1505.39
2025-08-30,2526,Sunderland,Brentford,A,0.5773033535291415,2.53,2.5,0.3901,0.1873,0.4606,0.012,45.16,False,-45.16,1460.23
2025-08-30,2526,Chelsea,Fulham,A,0.2226060320501185,5.75,5.49,0.1725,0.0501,0.28,0.0474,21.52,False,-21.52,1438.71
2025-08-30,2526,Leeds,Newcastle,A,0.6952670881425446,2.16,2.33,0.4195,0.2758,0.5018,-0.073,43.16,False,-43.16,1395.55
2025-08-30,2526,Man United,Burnley,D,0.2401654524741293,5.39,5.11,0.1852,0.055,0.2945,0.0548,23.4,False,-23.4,1372.14
2025-08-31,2526,Aston Villa,Crystal Palace,A,0.293712387202619,4.21,3.98,0.2423,0.0514,0.2365,0.0578,25.28,True,81.14,1453.28
2025-08-31,2526,Liverpool,Arsenal,A,0.36807981911297355,3.28,3.05,0.3187,0.0494,0.2073,0.0754,33.03,False,-33.03,1420.25
2025-08-31,2526,Nott'm Forest,West Ham,A,0.21409272593015652,5.13,5.17,0.183,0.0311,0.0983,-0.0077,8.45,True,34.9,1455.15
2025-09-13,2526,West Ham,Tottenham,H,0.3382371016844741,3.55,3.44,0.2817,0.0565,0.2007,0.032,28.64,False,-28.64,1426.51
2025-09-13,2526,Newcastle,Wolves,A,0.16898004388592067,7.21,9.25,0.0998,0.0692,0.2183,-0.2205,12.54,False,-12.54,1413.97
2025-09-13,2526,Fulham,Leeds,H,0.6163045843618302,1.99,2.11,0.4636,0.1527,0.2264,-0.0569,42.42,True,41.99,1455.96
2025-09-13,2526,Brentford,Chelsea,H,0.30066653314884434,4.63,4.21,0.2288,0.0719,0.3921,0.0998,39.32,False,-39.32,1416.65
2025-09-13,2526,Arsenal,Nott'm Forest,D,0.23030467637007418,5.25,5.12,0.1834,0.047,0.2091,0.0254,17.42,False,-17.42,1399.22
2025-09-13,2526,Crystal Palace,Sunderland,H,0.6313884065366352,1.69,1.69,0.5781,0.0533,0.067,0.0,33.99,False,-33.99,1365.23
2025-09-14,2526,Burnley,Liverpool,A,0.7762775117469444,1.34,1.33,0.7378,0.0385,0.0402,0.0075,40.37,True,13.72,1378.96
2025-09-14,2526,Man City,Man United,H,0.6041364971517094,1.8,1.77,0.5523,0.0518,0.0874,0.0169,37.68,True,30.15,1409.1
2025-09-20,2526,Man United,Chelsea,A,0.44917791946424707,2.52,2.58,0.3781,0.0711,0.1319,-0.0233,30.58,False,-30.58,1378.53
2025-09-20,2526,Liverpool,Everton,D,0.2462892859083889,4.7,4.4,0.218,0.0283,0.1576,0.0682,14.68,False,-14.68,1363.85
2025-09-20,2526,Wolves,Leeds,H,0.5416927109288894,2.78,2.85,0.3417,0.2,0.5059,-0.0246,40.92,False,-40.92,1322.94
2025-09-20,2526,Burnley,Nott'm Forest,A,0.50885897090777,2.2,2.26,0.4324,0.0765,0.1195,-0.0265,32.93,False,-32.93,1290.0
2025-09-20,2526,Fulham,Brentford,A,0.34159297185261833,3.92,3.71,0.2609,0.0807,0.339,0.0566,37.45,False,-37.45,1252.56
2025-09-20,2526,West Ham,Crystal Palace,A,0.4511994507155614,2.41,2.34,0.4174,0.0338,0.0874,0.0299,19.41,True,27.37,1279.92
2025-09-21,2526,Arsenal,Man City,D,0.2884065132332347,3.8,3.65,0.2652,0.0232,0.0959,0.0411,10.96,True,30.7,1310.62
2025-09-21,2526,Bournemouth,Newcastle,A,0.3736487446935032,2.87,2.93,0.332,0.0417,0.0724,-0.0205,12.68,False,-12.68,1297.94
2025-09-21,2526,Sunderland,Aston Villa,A,0.5045331676554573,2.14,2.22,0.4401,0.0644,0.0797,-0.036,22.69,False,-22.69,1275.26
2025-09-27,2526,Nott'm Forest,Sunderland,D,0.2756521466950416,3.82,3.82,0.2516,0.024,0.053,0.0,5.99,False,-5.99,1269.27
2025-09-27,2526,Leeds,Bournemouth,A,0.5282034133806985,2.51,2.5,0.3899,0.1383,0.3258,0.004,38.08,False,-38.08,1231.19
2025-09-27,2526,Tottenham,Wolves,A,0.2153590800423386,6.08,5.76,0.1633,0.052,0.3094,0.0556,18.75,False,-18.75,1212.44
2025-09-27,2526,Brentford,Man United,H,0.4240952219070675,3.47,3.39,0.2858,0.1383,0.4716,0.0236,36.37,True,89.84,1302.29
2025-09-27,2526,Crystal Palace,Liverpool,H,0.2612438302685154,3.93,4.3,0.223,0.0382,0.0267,-0.086,2.97,True,8.69,1310.97
2025-09-29,2526,Everton,West Ham,D,0.294924442731816,3.88,3.9,0.2455,0.0494,0.1443,-0.0051,16.42,True,47.3,1358.27
2025-10-03,2526,Bournemouth,Fulham,A,0.2747834485739067,3.93,3.98,0.2426,0.0322,0.0799,-0.0126,9.26,False,-9.26,1349.01
2025-10-04,2526,Arsenal,West Ham,D,0.1705224971285975,6.93,6.82,0.1368,0.0337,0.1817,0.0161,10.33,False,-10.33,1338.68
2025-10-04,2526,Leeds,Tottenham,A,0.5193692955568685,2.55,2.65,0.3677,0.1517,0.3244,-0.0377,40.16,True,62.25,1400.92
2025-10-04,2526,Man United,Sunderland,D,0.29072601253760355,4.7,4.41,0.2156,0.0752,0.3664,0.0658,34.68,False,-34.68,1366.24
2025-10-05,2526,Newcastle,Nott'm Forest,D,0.26154061174899207,4.3,4.39,0.2174,0.0441,0.1246,-0.0205,12.9,False,-12.9,1353.34
2025-10-05,2526,Wolves,Brighton,H,0.28713061592756983,3.82,3.82,0.2528,0.0343,0.0968,0.0,11.62,False,-11.62,1341.72
2025-10-05,2526,Everton,Crystal Palace,D,0.33571892786484553,3.26,3.23,0.3008,0.035,0.0944,0.0093,14.02,False,-14.02,1327.71
2025-10-05,2526,Aston Villa,Burnley,H,0.6562515887302947,1.6,1.65,0.5921,0.0642,0.05,-0.0303,27.66,True,16.6,1344.3
2025-10-05,2526,Brentford,Man City,H,0.22589700327693493,4.87,5.04,0.1888,0.0371,0.1001,-0.0337,8.69,False,-8.69,1335.61
2025-10-18,2526,Burnley,Leeds,H,0.3583510117858801,3.43,3.57,0.2711,0.0872,0.2291,-0.0392,31.49,True,76.51,1412.12
2025-10-18,2526,Fulham,Arsenal,D,0.2599319812577363,4.46,4.15,0.2322,0.0277,0.1593,0.0747,16.25,False,-16.25,1395.87
2025-10-18,2526,Man City,Everton,D,0.26463256464158597,5.29,4.55,0.2093,0.0554,0.3999,0.1626,32.53,False,-32.53,1363.34
2025-10-18,2526,Sunderland,Wolves,A,0.37223845678136225,3.25,3.12,0.3114,0.0609,0.2098,0.0417,31.78,False,-31.78,1331.56
2025-10-19,2526,Liverpool,Man United,H,0.6292385534422409,1.63,1.63,0.6003,0.0289,0.0257,0.0,13.56,False,-13.56,1318.0
2025-10-19,2526,Tottenham,Aston Villa,A,0.32693795715376667,3.5,3.27,0.2969,0.0301,0.1443,0.0703,19.02,True,47.54,1365.54
2025-10-20,2526,West Ham,Brentford,A,0.4334714936297732,2.87,2.9,0.3358,0.0977,0.2441,-0.0103,40.97,True,76.61,1442.15
2025-10-24,2526,Leeds,West Ham,A,0.3874344625716828,4.72,4.79,0.1995,0.1879,0.8287,-0.0146,43.26,False,-43.26,1398.89
2025-10-25,2526,Brentford,Liverpool,H,0.27550948952082643,4.25,4.27,0.2253,0.0503,0.1709,-0.0047,18.39,True,59.77,1458.66
2025-10-25,2526,Chelsea,Sunderland,D,0.23252115420329889,5.22,4.7,0.2038,0.0288,0.2138,0.1106,18.47,False,-18.47,1440.19
2025-10-25,2526,Man United,Brighton,A,0.3582174865109567,3.57,3.57,0.2709,0.0874,0.2788,0.0,39.06,False,-39.06,1401.12
2025-10-25,2526,Newcastle,Fulham,A,0.21121264943924695,5.59,6.0,0.1584,0.0529,0.1807,-0.0683,13.79,False,-13.79,1387.33
2025-10-26,2526,Arsenal,Crystal Palace,D,0.25073767840098665,4.71,5.0,0.1909,0.0599,0.181,-0.058,16.92,False,-16.92,1370.42
2025-10-26,2526,Aston Villa,Man City,D,0.27575477921898195,4.06,3.77,0.2554,0.0204,0.1196,0.0769,13.39,False,-13.39,1357.03
2025-11-01,2526,Nott'm Forest,Man United,H,0.33734563412956053,3.43,3.48,0.2782,0.0592,0.1571,-0.0144,21.93,False,-21.93,1335.1
2025-11-01,2526,Liverpool,Aston Villa,A,0.22228951839023062,5.07,4.92,0.1946,0.0277,0.127,0.0305,10.42,False,-10.42,1324.68
2025-11-01,2526,Crystal Palace,Brentford,A,0.3043674646057158,4.01,3.81,0.2534,0.0509,0.2205,0.0525,24.26,False,-24.26,1300.42
2025-11-01,2526,Burnley,Arsenal,D,0.18116441531320215,6.26,6.08,0.1547,0.0265,0.1341,0.0296,8.29,False,-8.29,1292.13
2025-11-01,2526,Brighton,Leeds,H,0.646633288786297,1.89,2.03,0.4817,0.1649,0.2221,-0.069,38.76,True,34.5,1326.63
2025-11-01,2526,Fulham,Wolves,A,0.23195683297870587,4.56,4.92,0.1943,0.0377,0.0577,-0.0732,5.38,False,-5.38,1321.25
2025-11-02,2526,Man City,Bournemouth,D,0.2421863545266685,4.75,5.35,0.1771,0.0651,0.1504,-0.1121,13.25,False,-13.25,1308.01
2025-11-02,2526,West Ham,Newcastle,D,0.24926939184544455,4.45,4.22,0.2269,0.0224,0.1092,0.0545,10.35,False,-10.35,1297.65
2025-11-03,2526,Sunderland,Everton,D,0.3419843354718002,3.18,3.2,0.3037,0.0383,0.0875,-0.0062,13.02,True,28.39,1326.04
2025-11-08,2526,Chelsea,Wolves,D,0.20246986683392398,5.26,5.4,0.1766,0.0259,0.065,-0.0259,5.06,False,-5.06,1320.98
2025-11-08,2526,Everton,Fulham,A,0.31952735390602927,3.41,3.35,0.2897,0.0298,0.0896,0.0179,12.28,False,-12.28,1308.71
2025-11-08,2526,Sunderland,Arsenal,D,0.25222455040265684,5.01,4.5,0.2138,0.0384,0.2636,0.1133,21.51,True,86.26,1394.97
2025-11-08,2526,Tottenham,Man United,H,0.43549241175636694,2.72,3.01,0.3248,0.1107,0.1845,-0.0963,37.42,False,-37.42,1357.55
2025-11-09,2526,Nott'm Forest,Leeds,H,0.549182383369146,2.29,2.23,0.4385,0.1107,0.2576,0.0269,40.73,True,52.54,1410.09
2025-11-09,2526,Brentford,Newcastle,H,0.3766437348141576,2.97,2.93,0.332,0.0446,0.1186,0.0137,21.23,True,41.82,1451.91
2025-11-22,2526,Bournemouth,West Ham,A,0.20610838422255873,5.26,5.12,0.1849,0.0212,0.0841,0.0273,7.17,False,-7.17,1444.74
2025-11-22,2526,Brighton,Brentford,A,0.3088056081505028,4.05,3.59,0.2698,0.039,0.2507,0.1281,29.68,False,-29.68,1415.06
2025-11-22,2526,Fulham,Sunderland,H,0.49254961807981607,2.12,2.07,0.4724,0.0201,0.0442,0.0242,13.96,True,15.64,1430.69
2025-11-23,2526,Leeds,Aston Villa,A,0.5655283445738377,2.51,2.29,0.4264,0.1391,0.4195,0.0961,42.92,True,64.81,1495.5
2025-11-24,2526,Man United,Everton,A,0.26725555447658556,4.68,4.08,0.2359,0.0314,0.2508,0.1471,25.48,True,93.75,1589.26
2025-11-29,2526,Everton,Newcastle,D,0.3095893931104761,3.38,3.36,0.2887,0.0208,0.0464,0.006,7.75,False,-7.75,1581.51
2025-11-29,2526,Man City,Leeds,H,0.8327930840966987,1.25,1.22,0.8075,0.0253,0.041,0.0246,47.45,True,11.86,1593.37
2025-11-29,2526,Tottenham,Fulham,H,0.45235352362418296,2.3,2.4,0.4069,0.0455,0.0404,-0.0417,12.38,False,-12.38,1580.99
2025-12-02,2526,Newcastle,Tottenham,A,0.2504981263869878,4.29,4.3,0.2233,0.0272,0.0746,-0.0023,8.97,False,-8.97,1572.02
2025-12-02,2526,Fulham,Man City,D,0.2578693482813156,4.13,4.12,0.2323,0.0256,0.065,0.0024,8.16,False,-8.16,1563.86
2025-12-03,2526,Brighton,Aston Villa,A,0.32241469603910383,3.37,3.27,0.2965,0.0259,0.0865,0.0306,14.28,True,33.83,1597.69
2025-12-03,2526,Leeds,Chelsea,A,0.6364242492614622,1.8,1.99,0.4917,0.1448,0.1456,-0.0955,47.93,False,-47.93,1549.76
2025-12-03,2526,Liverpool,Sunderland,D,0.2034217804903691,5.44,5.47,0.1724,0.0311,0.1066,-0.0055,9.3,True,41.31,1591.07
2025-12-04,2526,Man United,West Ham,A,0.2162551776971187,6.52,8.25,0.1121,0.1042,0.41,-0.2097,29.54,False,-29.54,1561.52
2025-12-06,2526,Man City,Sunderland,D,0.1838729476086413,6.68,6.45,0.1454,0.0385,0.2283,0.0357,15.69,False,-15.69,1545.83
2025-12-06,2526,Everton,Nott'm Forest,A,0.2864470344055304,3.63,3.84,0.2514,0.0351,0.0398,-0.0547,5.85,False,-5.85,1539.99
2025-12-06,2526,Bournemouth,Chelsea,D,0.2755835305195384,3.83,3.85,0.2512,0.0244,0.0555,-0.0052,7.55,True,21.36,1561.35
2025-12-06,2526,Leeds,Liverpool,A,0.6680492831444993,1.91,1.76,0.5557,0.1124,0.276,0.0852,46.84,False,-46.84,1514.51
2025-12-07,2526,Fulham,Crystal Palace,A,0.3646134305991024,2.87,2.96,0.3288,0.0358,0.0464,-0.0304,9.4,True,17.58,1532.09
2025-12-08,2526,Wolves,Man United,H,0.26982016201758147,4.19,5.35,0.1778,0.092,0.1305,-0.2168,15.67,False,-15.67,1516.42
2025-12-13,2526,Chelsea,Everton,D,0.29982557104238267,4.04,3.91,0.2455,0.0543,0.2113,0.0332,26.35,False,-26.35,1490.07
2025-12-13,2526,Arsenal,Wolves,D,0.14307773475833988,8.77,9.55,0.0972,0.0459,0.2548,-0.0817,12.22,False,-12.22,1477.85
2025-12-14,2526,Brentford,Leeds,H,0.615099200840182,1.97,2.23,0.4386,0.1765,0.2117,-0.1166,44.34,False,-44.34,1433.52
2025-12-14,2526,Crystal Palace,Man City,D,0.28123715024739226,3.99,3.82,0.2541,0.0271,0.1221,0.0445,14.64,False,-14.64,1418.88
2025-12-14,2526,Sunderland,Newcastle,A,0.4848897996290334,2.26,2.18,0.4488,0.036,0.0959,0.0367,26.98,False,-26.98,1391.89
2025-12-15,2526,Man United,Bournemouth,D,0.2697609898402235,4.21,4.15,0.2312,0.0385,0.1357,0.0145,14.71,True,47.22,1439.11
2025-12-20,2526,Tottenham,Liverpool,H,0.3023882587213082,3.42,3.71,0.2604,0.042,0.0342,-0.0782,5.08,False,-5.08,1434.03
2025-12-20,2526,Man City,West Ham,D,0.1540747400229443,7.87,8.25,0.1119,0.0421,0.2126,-0.0461,11.09,False,-11.09,1422.94
2025-12-20,2526,Newcastle,Chelsea,H,0.37623869282494365,2.87,2.87,0.3394,0.0368,0.0798,0.0,15.18,False,-15.18,1407.76
2025-12-20,2526,Everton,Arsenal,D,0.30629377304003985,4.09,4.2,0.229,0.0773,0.2527,-0.0262,28.79,False,-28.79,1378.97
2025-12-20,2526,Leeds,Crystal Palace,A,0.47973082222183683,2.81,2.74,0.3555,0.1242,0.348,0.0255,41.37,False,-41.37,1337.6
2025-12-22,2526,Fulham,Nott'm Forest,H,0.4324377677625936,2.51,2.66,0.3664,0.066,0.0854,-0.0564,18.92,True,28.56,1366.16
2025-12-27,2526,Chelsea,Aston Villa,A,0.27660605496791446,4.1,4.31,0.2222,0.0544,0.1341,-0.0487,14.77,True,45.8,1411.96
2025-12-27,2526,Liverpool,Wolves,D,0.1652799133912244,7.02,6.61,0.1405,0.0248,0.1603,0.062,9.4,False,-9.4,1402.56
2025-12-27,2526,Brentford,Bournemouth,H,0.4476519771876116,2.31,2.32,0.4214,0.0262,0.0341,-0.0043,9.12,True,11.95,1414.51
2025-12-27,2526,Arsenal,Brighton,D,0.22415745900406167,5.09,5.65,0.1676,0.0566,0.141,-0.0991,12.19,False,-12.19,1402.32
2025-12-28,2526,Sunderland,Leeds,H,0.42969888949065016,2.63,3.01,0.3233,0.1064,0.1301,-0.1262,27.98,False,-27.98,1374.34
2025-12-30,2526,Arsenal,Aston Villa,D,0.26248063548397854,4.97,5.5,0.1721,0.0904,0.3045,-0.0964,26.36,False,-26.36,1347.98
2025-12-30,2526,Burnley,Newcastle,H,0.18898587894361715,5.67,6.0,0.1577,0.0312,0.0715,-0.055,5.16,False,-5.16,1342.82
2025-12-30,2526,Chelsea,Bournemouth,A,0.20744853161549198,5.95,5.6,0.1699,0.0376,0.2343,0.0625,15.89,False,-15.89,1326.93
2025-12-30,2526,Man United,Wolves,A,0.15095577965550586,8.33,8.25,0.1126,0.0384,0.2575,0.0097,11.65,False,-11.65,1315.28
2025-12-30,2526,Nott'm Forest,Everton,A,0.2993050926097679,3.88,4.54,0.2119,0.0874,0.1613,-0.1454,18.42,True,53.04,1368.32
2025-12-30,2526,West Ham,Brighton,H,0.30422165838382564,3.6,3.53,0.2741,0.0302,0.0952,0.0198,12.53,False,-12.53,1355.79
2026-01-01,2526,Sunderland,Man City,D,0.2468800749759377,5.15,4.9,0.1958,0.0511,0.2714,0.051,22.17,True,92.0,1447.79
2026-01-01,2526,Liverpool,Leeds,H,0.703029475819984,1.55,1.48,0.6638,0.0393,0.0897,0.0473,43.43,False,-43.43,1404.36
2026-01-03,2526,Bournemouth,Arsenal,D,0.26274547870690135,5.04,4.55,0.21,0.0527,0.3242,0.1077,28.18,False,-28.18,1376.18
2026-01-03,2526,Wolves,West Ham,A,0.37817791128435113,2.88,2.72,0.3581,0.0201,0.0892,0.0588,16.32,False,-16.32,1359.87
2026-01-04,2526,Fulham,Liverpool,H,0.2890082293119916,3.75,4.39,0.2205,0.0685,0.0838,-0.1458,10.36,False,-10.36,1349.51
2026-01-04,2526,Leeds,Man United,A,0.44800143212743176,2.61,2.68,0.3635,0.0845,0.1693,-0.0261,35.47,False,-35.47,1314.04
2026-01-04,2526,Man City,Chelsea,D,0.25394270543993974,4.66,5.05,0.1887,0.0652,0.1834,-0.0772,16.46,True,60.24,1374.28
2026-01-04,2526,Newcastle,Crystal Palace,A,0.25220911978689653,4.86,5.19,0.1825,0.0697,0.2257,-0.0636,20.09,False,-20.09,1354.18
2026-01-06,2526,West Ham,Nott'm Forest,H,0.3469120879155754,3.29,3.05,0.3185,0.0284,0.1413,0.0787,20.9,False,-20.9,1333.29
2026-01-07,2526,Newcastle,Leeds,H,0.6371684829267258,1.7,1.65,0.5929,0.0443,0.0832,0.0303,39.61,True,27.73,1361.02
2026-01-07,2526,Fulham,Chelsea,H,0.2988838574137183,3.45,3.7,0.2614,0.0375,0.0311,-0.0676,4.33,True,10.6,1371.62
2026-01-07,2526,Burnley,Man United,H,0.23345030394722255,4.92,4.98,0.1907,0.0427,0.1486,-0.012,13.0,False,-13.0,1358.62
2026-01-07,2526,Crystal Palace,Aston Villa,H,0.3466938372564238,3.14,3.08,0.3158,0.0309,0.0886,0.0195,14.07,False,-14.07,1344.55
2026-01-08,2526,Arsenal,Liverpool,D,0.26027349023494195,4.35,4.4,0.2181,0.0422,0.1322,-0.0114,13.26,True,44.43,1388.99
