stat,segment,team_matches,mean_observed,mean_pred_model,model_poisson_deviance,baseline_poisson_deviance,deviance_improvement_pct,model_log_loss,baseline_log_loss,mean_alpha_model,beats_baseline
yellows,Overall,1520,1.9493,1.9759,1.0519,1.12083,6.15,1.64788,1.68232,0.0003,True
yellows,Season 2425,760,2.025,2.0451,1.0867,1.17661,7.64,1.6833,1.72822,0.0003,True
yellows,Season 2526,760,1.8737,1.9066,1.0171,1.06505,4.5,1.61246,1.63642,0.0003,True
reds,Overall,1520,0.0599,0.0587,0.34266,0.34291,0.07,0.22983,0.22996,0.0,True
reds,Season 2425,760,0.0684,0.0582,0.37286,0.37261,-0.07,0.25394,0.25381,0.0,False
reds,Season 2526,760,0.0513,0.0592,0.31246,0.31322,0.24,0.20572,0.2061,0.0,True
corners,Overall,1520,5.0737,5.1485,1.54328,1.77099,12.86,2.37057,2.44072,0.0776,True
corners,Season 2425,760,5.1487,5.2884,1.66472,1.96034,15.08,2.40934,2.49212,0.0761,True
corners,Season 2526,760,4.9987,5.0086,1.42183,1.58164,10.1,2.33181,2.38933,0.0791,True
fouls,Overall,1520,10.927,10.9387,1.00823,1.12447,10.34,2.59912,2.65587,0.0003,True
fouls,Season 2425,760,11.0329,11.0483,1.04514,1.21939,14.29,2.61966,2.70016,0.0003,True
fouls,Season 2526,760,10.8211,10.8292,0.97133,1.02955,5.65,2.57857,2.61159,0.0003,True
