stat,prior_sd_team,prior_sd_ref,model_poisson_deviance,baseline_poisson_deviance,improvement_pct
yellows,0.05,0.03,1.1088301494429362,1.1671524428697813,4.9969730846334715
yellows,0.05,0.08,1.1071433301863094,1.1671524428697813,5.14149741536094
yellows,0.05,0.15,1.1082554735740044,1.1671524428697813,5.0462105147945895
yellows,0.1,0.03,1.088291608824285,1.1671524428697813,6.756686714512975
yellows,0.1,0.08,1.086814132381294,1.1671524428697813,6.883274843768671
yellows,0.1,0.15,1.088107752103142,1.1671524428697813,6.772439302983005
yellows,0.2,0.03,1.076991619500325,1.1671524428697813,7.7248541028427935
yellows,0.2,0.08,1.0756312500007263,1.1671524428697813,7.841408671863261
yellows,0.2,0.15,1.0770206988994757,1.1671524428697813,7.722362620318099
reds,0.05,0.03,0.33048264199246913,0.32867071909598194,-0.551288201599135
reds,0.05,0.08,0.33055315275923974,0.32867071909598194,-0.5727415172350873
reds,0.05,0.15,0.33076115197370703,0.32867071909598194,-0.6360265019880337
reds,0.1,0.03,0.3305685120426663,0.32867071909598194,-0.5774146695830661
reds,0.1,0.08,0.33063872900018354,0.32867071909598194,-0.5987785920250706
reds,0.1,0.15,0.33084589916777707,0.32867071909598194,-0.6618113343890256
reds,0.2,0.03,0.3309682754212758,0.32867071909598194,-0.6990450295095878
reds,0.2,0.08,0.33103738194729054,0.32867071909598194,-0.7200710966337893
reds,0.2,0.15,0.3312414149567089,0.32867071909598194,-0.782149340165658
corners,0.05,0.03,1.6780626968588435,1.8529352843052314,9.437598221999284
corners,0.05,0.08,1.6805577365929307,1.8529352843052314,9.302944855785105
corners,0.05,0.15,1.687050525853466,1.8529352843052314,8.952539241755805
corners,0.1,0.03,1.5722543978592933,1.8529352843052314,15.147905532555118
corners,0.1,0.08,1.5749726036020122,1.8529352843052314,15.001208248211585
corners,0.1,0.15,1.5816996956801128,1.8529352843052314,14.638157680008769
corners,0.2,0.03,1.529435828522618,1.8529352843052314,17.458756305345624
corners,0.2,0.08,1.5323934703697355,1.8529352843052314,17.299137031420113
corners,0.2,0.15,1.5394373870867943,1.8529352843052314,16.918987936267015
fouls,0.05,0.03,1.0144911923440922,1.1369384411047505,10.769910166963626
fouls,0.05,0.08,1.0098933511528962,1.1369384411047505,11.174315632111616
fouls,0.05,0.15,1.0125388192849714,1.1369384411047505,10.941632134357372
fouls,0.1,0.03,0.9852162919183438,1.1369384411047505,13.344798953141206
fouls,0.1,0.08,0.9809507202036164,1.1369384411047505,13.719979487153461
fouls,0.1,0.15,0.9836114677961485,1.1369384411047505,13.485952076667923
fouls,0.2,0.03,0.9883498445226618,1.1369384411047505,13.069185736890626
fouls,0.2,0.08,0.9841860398252876,1.1369384411047505,13.435415301028529
fouls,0.2,0.15,0.986898954794978,1.1369384411047505,13.196799482299216
