xi,n_matches,log_loss,brier,rps,seconds
0.0,760,0.9714610099448874,0.5762354603635021,0.20265563905227918,4.650659900013125
0.0005,760,0.9685847534572735,0.5742980138718994,0.2016437970089887,5.109040499999537
0.001,760,0.9664324820601488,0.5728410073070908,0.200857390522406,4.523955900003784
0.0015,760,0.9649256612275334,0.571809202561955,0.20027411552760704,4.411911200004397
0.002,760,0.9639477142607821,0.5711244173946399,0.19985944537295172,4.378043999997317
0.0025,760,0.9633827457154914,0.5707114598659564,0.19957899455933054,4.527010400008294
0.003,760,0.9631353689742803,0.5705096060530737,0.19940441113384638,4.342545199993765
0.0035,760,0.9631336877995077,0.5704728895535909,0.19931385978277502,3.736711400008062
0.004,760,0.9633254788462657,0.5705673800368493,0.1992909722823562,3.9813474000111455
0.0045,760,0.9636728458380881,0.5707677728628067,0.19932332866953606,3.7470001000037882
0.005,760,0.9641471984711136,0.571054618403029,0.19940118667325604,5.724226999998791
0.0055,760,0.9647267458316465,0.5714128643599952,0.1995168334922141,4.698609400002169
0.006,760,0.9653945010025776,0.5718307206978241,0.19966411490747202,4.117303700011689
0.0065,760,0.9661359346720672,0.5722981646412593,0.19983778009118347,3.7851321999914944
